date,shift,gast_no,task_no,task_name
2021-03-01,0,0,0,VAGTHAVENDE_ELEV
2021-03-01,0,17,1,ORDONNANS
2021-03-01,0,15,2,UDKIG
2021-03-01,0,1,3,BJÆRGEMÆRS
2021-03-01,0,8,4,RORGÆNGER
2021-03-01,0,5,5,UDSÆTNINGSGAST
2021-03-01,0,11,6,HU
2021-03-01,0,3,7,PEJLEGAST_A
2021-03-01,0,18,8,PEJLEGAST_B
2021-03-01,0,16,9,DÆKSELEV_I_KABYS
2021-03-01,1,21,0,VAGTHAVENDE_ELEV
2021-03-01,1,33,1,ORDONNANS
2021-03-01,1,28,2,UDKIG
2021-03-01,1,25,3,BJÆRGEMÆRS
2021-03-01,1,24,4,RORGÆNGER
2021-03-01,1,34,5,UDSÆTNINGSGAST
2021-03-01,1,39,6,HU
2021-03-01,1,27,7,PEJLEGAST_A
2021-03-01,1,23,8,PEJLEGAST_B
2021-03-01,1,26,9,DÆKSELEV_I_KABYS
2021-03-01,1,59,-1,SICK
2021-03-01,2,56,0,VAGTHAVENDE_ELEV
2021-03-01,2,45,1,ORDONNANS
2021-03-01,2,50,2,UDKIG
2021-03-01,2,47,3,BJÆRGEMÆRS
2021-03-01,2,40,4,RORGÆNGER
2021-03-01,2,42,5,UDSÆTNINGSGAST
2021-03-01,2,51,6,HU
2021-03-01,2,52,7,PEJLEGAST_A
2021-03-01,2,59,8,PEJLEGAST_B
2021-03-01,2,58,9,DÆKSELEV_I_KABYS
2021-03-01,3,5,0,VAGTHAVENDE_ELEV
2021-03-01,3,3,1,ORDONNANS
2021-03-01,3,11,2,UDKIG
2021-03-01,3,0,3,BJÆRGEMÆRS
2021-03-01,3,9,4,RORGÆNGER
2021-03-01,3,8,5,UDSÆTNINGSGAST
2021-03-01,3,7,6,HU
2021-03-01,3,16,7,PEJLEGAST_A
2021-03-01,3,17,8,PEJLEGAST_B
2021-03-01,3,15,9,DÆKSELEV_I_KABYS
2021-03-01,3,1,-1,SICK
2021-03-01,4,21,0,VAGTHAVENDE_ELEV
2021-03-01,4,25,1,ORDONNANS
2021-03-01,4,22,2,UDKIG
2021-03-01,4,39,3,BJÆRGEMÆRS
2021-03-01,4,23,4,RORGÆNGER
2021-03-01,4,36,5,UDSÆTNINGSGAST
2021-03-01,4,33,6,HU
2021-03-01,4,26,7,PEJLEGAST_A
2021-03-01,4,30,8,PEJLEGAST_B
2021-03-01,4,20,9,DÆKSELEV_I_KABYS
2021-03-01,5,45,0,VAGTHAVENDE_ELEV
2021-03-01,5,53,1,ORDONNANS
2021-03-01,5,59,2,UDKIG
2021-03-01,5,54,3,BJÆRGEMÆRS
2021-03-01,5,58,4,RORGÆNGER
2021-03-01,5,41,5,UDSÆTNINGSGAST
2021-03-01,5,43,6,HU
2021-03-01,5,55,7,PEJLEGAST_A
2021-03-01,5,51,8,PEJLEGAST_B
2021-03-01,5,48,9,DÆKSELEV_I_KABYS
2021-03-02,0,6,0,VAGTHAVENDE_ELEV
2021-03-02,0,3,1,ORDONNANS
2021-03-02,0,16,2,UDKIG
2021-03-02,0,8,3,BJÆRGEMÆRS
2021-03-02,0,9,4,RORGÆNGER
2021-03-02,0,15,5,UDSÆTNINGSGAST
2021-03-02,0,1,6,HU
2021-03-02,0,14,7,PEJLEGAST_A
2021-03-02,0,12,8,PEJLEGAST_B
2021-03-02,0,17,9,DÆKSELEV_I_KABYS
2021-03-02,0,23,-1,SICK
2021-03-02,1,28,0,VAGTHAVENDE_ELEV
2021-03-02,1,20,1,ORDONNANS
2021-03-02,1,34,2,UDKIG
2021-03-02,1,21,3,BJÆRGEMÆRS
2021-03-02,1,29,4,RORGÆNGER
2021-03-02,1,25,5,UDSÆTNINGSGAST
2021-03-02,1,27,6,HU
2021-03-02,1,22,7,PEJLEGAST_A
2021-03-02,1,30,8,PEJLEGAST_B
2021-03-02,1,33,9,DÆKSELEV_I_KABYS
2021-03-02,1,41,-1,SICK
2021-03-02,2,55,0,VAGTHAVENDE_ELEV
2021-03-02,2,44,1,ORDONNANS
2021-03-02,2,41,2,UDKIG
2021-03-02,2,42,3,BJÆRGEMÆRS
2021-03-02,2,47,4,RORGÆNGER
2021-03-02,2,57,5,UDSÆTNINGSGAST
2021-03-02,2,40,6,HU
2021-03-02,2,59,7,PEJLEGAST_A
2021-03-02,2,52,8,PEJLEGAST_B
2021-03-02,2,48,9,DÆKSELEV_I_KABYS
2021-03-02,2,56,-1,SICK
2021-03-02,3,13,0,VAGTHAVENDE_ELEV
2021-03-02,3,1,1,ORDONNANS
2021-03-02,3,11,2,UDKIG
2021-03-02,3,3,3,BJÆRGEMÆRS
2021-03-02,3,14,4,RORGÆNGER
2021-03-02,3,16,5,UDSÆTNINGSGAST
2021-03-02,3,9,6,HU
2021-03-02,3,17,7,PEJLEGAST_A
2021-03-02,3,15,8,PEJLEGAST_B
2021-03-02,3,18,9,DÆKSELEV_I_KABYS
2021-03-02,3,12,-1,SICK
2021-03-02,4,38,0,VAGTHAVENDE_ELEV
2021-03-02,4,35,1,ORDONNANS
2021-03-02,4,29,2,UDKIG
2021-03-02,4,37,3,BJÆRGEMÆRS
2021-03-02,4,33,4,RORGÆNGER
2021-03-02,4,25,5,UDSÆTNINGSGAST
2021-03-02,4,23,6,HU
2021-03-02,4,28,7,PEJLEGAST_A
2021-03-02,4,36,8,PEJLEGAST_B
2021-03-02,4,30,9,DÆKSELEV_I_KABYS
2021-03-02,5,55,0,VAGTHAVENDE_ELEV
2021-03-02,5,49,1,ORDONNANS
2021-03-02,5,58,2,UDKIG
2021-03-02,5,48,3,BJÆRGEMÆRS
2021-03-02,5,42,4,RORGÆNGER
2021-03-02,5,52,5,UDSÆTNINGSGAST
2021-03-02,5,59,6,HU
2021-03-02,5,56,7,PEJLEGAST_A
2021-03-02,5,44,8,PEJLEGAST_B
2021-03-02,5,53,9,DÆKSELEV_I_KABYS
2021-03-03,0,19,0,VAGTHAVENDE_ELEV
2021-03-03,0,14,1,ORDONNANS
2021-03-03,0,4,2,UDKIG
2021-03-03,0,12,3,BJÆRGEMÆRS
2021-03-03,0,7,4,RORGÆNGER
2021-03-03,0,1,5,UDSÆTNINGSGAST
2021-03-03,0,10,6,HU
2021-03-03,0,0,7,PEJLEGAST_A
2021-03-03,0,8,8,PEJLEGAST_B
2021-03-03,0,11,9,DÆKSELEV_I_KABYS
2021-03-03,0,58,-1,SICK
2021-03-03,1,35,0,VAGTHAVENDE_ELEV
2021-03-03,1,37,1,ORDONNANS
2021-03-03,1,38,2,UDKIG
2021-03-03,1,34,3,BJÆRGEMÆRS
2021-03-03,1,25,4,RORGÆNGER
2021-03-03,1,33,5,UDSÆTNINGSGAST
2021-03-03,1,26,6,HU
2021-03-03,1,28,7,PEJLEGAST_A
2021-03-03,1,31,8,PEJLEGAST_B
2021-03-03,1,21,9,DÆKSELEV_I_KABYS
2021-03-03,1,22,-1,SICK
2021-03-03,2,46,0,VAGTHAVENDE_ELEV
2021-03-03,2,44,1,ORDONNANS
2021-03-03,2,49,2,UDKIG
2021-03-03,2,41,3,BJÆRGEMÆRS
2021-03-03,2,52,4,RORGÆNGER
2021-03-03,2,59,5,UDSÆTNINGSGAST
2021-03-03,2,50,6,HU
2021-03-03,2,56,7,PEJLEGAST_A
2021-03-03,2,54,8,PEJLEGAST_B
2021-03-03,2,51,9,DÆKSELEV_I_KABYS
2021-03-03,3,6,0,VAGTHAVENDE_ELEV
2021-03-03,3,16,1,ORDONNANS
2021-03-03,3,7,2,UDKIG
2021-03-03,3,18,3,BJÆRGEMÆRS
2021-03-03,3,14,4,RORGÆNGER
2021-03-03,3,9,5,UDSÆTNINGSGAST
2021-03-03,3,4,6,HU
2021-03-03,3,15,7,PEJLEGAST_A
2021-03-03,3,10,8,PEJLEGAST_B
2021-03-03,3,11,9,DÆKSELEV_I_KABYS
2021-03-03,3,24,-1,SICK
2021-03-03,4,34,0,VAGTHAVENDE_ELEV
2021-03-03,4,29,1,ORDONNANS
2021-03-03,4,35,2,UDKIG
2021-03-03,4,28,3,BJÆRGEMÆRS
2021-03-03,4,26,4,RORGÆNGER
2021-03-03,4,23,5,UDSÆTNINGSGAST
2021-03-03,4,20,6,HU
2021-03-03,4,39,7,PEJLEGAST_A
2021-03-03,4,24,8,PEJLEGAST_B
2021-03-03,4,21,9,DÆKSELEV_I_KABYS
2021-03-03,4,58,-1,SICK
2021-03-03,5,50,0,VAGTHAVENDE_ELEV
2021-03-03,5,41,1,ORDONNANS
2021-03-03,5,59,2,UDKIG
2021-03-03,5,49,3,BJÆRGEMÆRS
2021-03-03,5,46,4,RORGÆNGER
2021-03-03,5,40,5,UDSÆTNINGSGAST
2021-03-03,5,47,6,HU
2021-03-03,5,54,7,PEJLEGAST_A
2021-03-03,5,48,8,PEJLEGAST_B
2021-03-03,5,58,9,DÆKSELEV_I_KABYS
2021-03-04,0,8,0,VAGTHAVENDE_ELEV
2021-03-04,0,18,1,ORDONNANS
2021-03-04,0,3,2,UDKIG
2021-03-04,0,4,3,BJÆRGEMÆRS
2021-03-04,0,10,4,RORGÆNGER
2021-03-04,0,12,5,UDSÆTNINGSGAST
2021-03-04,0,13,6,HU
2021-03-04,0,6,7,PEJLEGAST_A
2021-03-04,0,15,8,PEJLEGAST_B
2021-03-04,0,1,9,DÆKSELEV_I_KABYS
2021-03-04,1,25,0,VAGTHAVENDE_ELEV
2021-03-04,1,35,1,ORDONNANS
2021-03-04,1,20,2,UDKIG
2021-03-04,1,38,3,BJÆRGEMÆRS
2021-03-04,1,31,4,RORGÆNGER
2021-03-04,1,23,5,UDSÆTNINGSGAST
2021-03-04,1,24,6,HU
2021-03-04,1,27,7,PEJLEGAST_A
2021-03-04,1,39,8,PEJLEGAST_B
2021-03-04,1,21,9,DÆKSELEV_I_KABYS
2021-03-04,1,32,-1,SICK
2021-03-04,2,44,0,VAGTHAVENDE_ELEV
2021-03-04,2,43,1,ORDONNANS
2021-03-04,2,57,2,UDKIG
2021-03-04,2,49,3,BJÆRGEMÆRS
2021-03-04,2,58,4,RORGÆNGER
2021-03-04,2,52,5,UDSÆTNINGSGAST
2021-03-04,2,45,6,HU
2021-03-04,2,48,7,PEJLEGAST_A
2021-03-04,2,54,8,PEJLEGAST_B
2021-03-04,2,50,9,DÆKSELEV_I_KABYS
2021-03-04,3,2,0,VAGTHAVENDE_ELEV
2021-03-04,3,13,1,ORDONNANS
2021-03-04,3,1,2,UDKIG
2021-03-04,3,19,3,BJÆRGEMÆRS
2021-03-04,3,8,4,RORGÆNGER
2021-03-04,3,15,5,UDSÆTNINGSGAST
2021-03-04,3,3,6,HU
2021-03-04,3,6,7,PEJLEGAST_A
2021-03-04,3,18,8,PEJLEGAST_B
2021-03-04,3,12,9,DÆKSELEV_I_KABYS
2021-03-04,4,37,0,VAGTHAVENDE_ELEV
2021-03-04,4,31,1,ORDONNANS
2021-03-04,4,30,2,UDKIG
2021-03-04,4,23,3,BJÆRGEMÆRS
2021-03-04,4,38,4,RORGÆNGER
2021-03-04,4,25,5,UDSÆTNINGSGAST
2021-03-04,4,28,6,HU
2021-03-04,4,21,7,PEJLEGAST_A
2021-03-04,4,24,8,PEJLEGAST_B
2021-03-04,4,26,9,DÆKSELEV_I_KABYS
2021-03-04,5,49,0,VAGTHAVENDE_ELEV
2021-03-04,5,56,1,ORDONNANS
2021-03-04,5,43,2,UDKIG
2021-03-04,5,42,3,BJÆRGEMÆRS
2021-03-04,5,58,4,RORGÆNGER
2021-03-04,5,50,5,UDSÆTNINGSGAST
2021-03-04,5,52,6,HU
2021-03-04,5,51,7,PEJLEGAST_A
2021-03-04,5,46,8,PEJLEGAST_B
2021-03-04,5,59,9,DÆKSELEV_I_KABYS
2021-03-04,5,57,-1,SICK
2021-03-05,0,5,0,VAGTHAVENDE_ELEV
2021-03-05,0,7,1,ORDONNANS
2021-03-05,0,1,2,UDKIG
2021-03-05,0,2,3,BJÆRGEMÆRS
2021-03-05,0,8,4,RORGÆNGER
2021-03-05,0,17,5,UDSÆTNINGSGAST
2021-03-05,0,12,6,HU
2021-03-05,0,6,7,PEJLEGAST_A
2021-03-05,0,16,8,PEJLEGAST_B
2021-03-05,0,10,9,DÆKSELEV_I_KABYS
2021-03-05,0,15,-1,SICK
2021-03-05,1,28,0,VAGTHAVENDE_ELEV
2021-03-05,1,34,1,ORDONNANS
2021-03-05,1,30,2,UDKIG
2021-03-05,1,37,3,BJÆRGEMÆRS
2021-03-05,1,25,4,RORGÆNGER
2021-03-05,1,31,5,UDSÆTNINGSGAST
2021-03-05,1,22,6,HU
2021-03-05,1,33,7,PEJLEGAST_A
2021-03-05,1,36,8,PEJLEGAST_B
2021-03-05,1,38,9,DÆKSELEV_I_KABYS
2021-03-05,1,4,-1,SICK
2021-03-05,2,46,0,VAGTHAVENDE_ELEV
2021-03-05,2,56,1,ORDONNANS
2021-03-05,2,45,2,UDKIG
2021-03-05,2,43,3,BJÆRGEMÆRS
2021-03-05,2,55,4,RORGÆNGER
2021-03-05,2,52,5,UDSÆTNINGSGAST
2021-03-05,2,48,6,HU
2021-03-05,2,57,7,PEJLEGAST_A
2021-03-05,2,54,8,PEJLEGAST_B
2021-03-05,2,41,9,DÆKSELEV_I_KABYS
2021-03-05,3,16,0,VAGTHAVENDE_ELEV
2021-03-05,3,2,1,ORDONNANS
2021-03-05,3,5,2,UDKIG
2021-03-05,3,12,3,BJÆRGEMÆRS
2021-03-05,3,14,4,RORGÆNGER
2021-03-05,3,0,5,UDSÆTNINGSGAST
2021-03-05,3,11,6,HU
2021-03-05,3,13,7,PEJLEGAST_A
2021-03-05,3,17,8,PEJLEGAST_B
2021-03-05,3,15,9,DÆKSELEV_I_KABYS
2021-03-05,3,25,-1,SICK
2021-03-05,4,31,0,VAGTHAVENDE_ELEV
2021-03-05,4,39,1,ORDONNANS
2021-03-05,4,35,2,UDKIG
2021-03-05,4,25,3,BJÆRGEMÆRS
2021-03-05,4,38,4,RORGÆNGER
2021-03-05,4,28,5,UDSÆTNINGSGAST
2021-03-05,4,29,6,HU
2021-03-05,4,30,7,PEJLEGAST_A
2021-03-05,4,33,8,PEJLEGAST_B
2021-03-05,4,24,9,DÆKSELEV_I_KABYS
2021-03-05,4,34,-1,SICK
2021-03-05,5,50,0,VAGTHAVENDE_ELEV
2021-03-05,5,49,1,ORDONNANS
2021-03-05,5,40,2,UDKIG
2021-03-05,5,47,3,BJÆRGEMÆRS
2021-03-05,5,45,4,RORGÆNGER
2021-03-05,5,44,5,UDSÆTNINGSGAST
2021-03-05,5,41,6,HU
2021-03-05,5,54,7,PEJLEGAST_A
2021-03-05,5,58,8,PEJLEGAST_B
2021-03-05,5,46,9,DÆKSELEV_I_KABYS
2021-03-06,0,19,0,VAGTHAVENDE_ELEV
2021-03-06,0,7,1,ORDONNANS
2021-03-06,0,0,2,UDKIG
2021-03-06,0,5,3,BJÆRGEMÆRS
2021-03-06,0,1,4,RORGÆNGER
2021-03-06,0,8,5,UDSÆTNINGSGAST
2021-03-06,0,11,6,HU
2021-03-06,0,10,7,PEJLEGAST_A
2021-03-06,0,16,8,PEJLEGAST_B
2021-03-06,0,2,9,DÆKSELEV_I_KABYS
2021-03-06,1,35,0,VAGTHAVENDE_ELEV
2021-03-06,1,38,1,ORDONNANS
2021-03-06,1,20,2,UDKIG
2021-03-06,1,23,3,BJÆRGEMÆRS
2021-03-06,1,22,4,RORGÆNGER
2021-03-06,1,37,5,UDSÆTNINGSGAST
2021-03-06,1,34,6,HU
2021-03-06,1,24,7,PEJLEGAST_A
2021-03-06,1,31,8,PEJLEGAST_B
2021-03-06,1,39,9,DÆKSELEV_I_KABYS
2021-03-06,1,43,-1,SICK
2021-03-06,2,55,0,VAGTHAVENDE_ELEV
2021-03-06,2,47,1,ORDONNANS
2021-03-06,2,41,2,UDKIG
2021-03-06,2,40,3,BJÆRGEMÆRS
2021-03-06,2,44,4,RORGÆNGER
2021-03-06,2,48,5,UDSÆTNINGSGAST
2021-03-06,2,50,6,HU
2021-03-06,2,49,7,PEJLEGAST_A
2021-03-06,2,59,8,PEJLEGAST_B
2021-03-06,2,58,9,DÆKSELEV_I_KABYS
2021-03-06,2,51,-1,SICK
2021-03-06,3,14,0,VAGTHAVENDE_ELEV
2021-03-06,3,16,1,ORDONNANS
2021-03-06,3,9,2,UDKIG
2021-03-06,3,3,3,BJÆRGEMÆRS
2021-03-06,3,1,4,RORGÆNGER
2021-03-06,3,4,5,UDSÆTNINGSGAST
2021-03-06,3,5,6,HU
2021-03-06,3,10,7,PEJLEGAST_A
2021-03-06,3,18,8,PEJLEGAST_B
2021-03-06,3,13,9,DÆKSELEV_I_KABYS
2021-03-06,3,57,-1,SICK
2021-03-06,4,33,0,VAGTHAVENDE_ELEV
2021-03-06,4,27,1,ORDONNANS
2021-03-06,4,32,2,UDKIG
2021-03-06,4,37,3,BJÆRGEMÆRS
2021-03-06,4,36,4,RORGÆNGER
2021-03-06,4,29,5,UDSÆTNINGSGAST
2021-03-06,4,26,6,HU
2021-03-06,4,25,7,PEJLEGAST_A
2021-03-06,4,20,8,PEJLEGAST_B
2021-03-06,4,31,9,DÆKSELEV_I_KABYS
2021-03-06,5,59,0,VAGTHAVENDE_ELEV
2021-03-06,5,42,1,ORDONNANS
2021-03-06,5,40,2,UDKIG
2021-03-06,5,54,3,BJÆRGEMÆRS
2021-03-06,5,46,4,RORGÆNGER
2021-03-06,5,48,5,UDSÆTNINGSGAST
2021-03-06,5,57,6,HU
2021-03-06,5,41,7,PEJLEGAST_A
2021-03-06,5,43,8,PEJLEGAST_B
2021-03-06,5,52,9,DÆKSELEV_I_KABYS
2021-03-06,5,22,-1,SICK
2021-03-07,0,7,0,VAGTHAVENDE_ELEV
2021-03-07,0,9,1,ORDONNANS
2021-03-07,0,18,2,UDKIG
2021-03-07,0,3,3,BJÆRGEMÆRS
2021-03-07,0,15,4,RORGÆNGER
2021-03-07,0,10,5,UDSÆTNINGSGAST
2021-03-07,0,17,6,HU
2021-03-07,0,6,7,PEJLEGAST_A
2021-03-07,0,4,8,PEJLEGAST_B
2021-03-07,0,13,9,DÆKSELEV_I_KABYS
2021-03-07,0,26,-1,SICK
2021-03-07,1,26,0,VAGTHAVENDE_ELEV
2021-03-07,1,23,1,ORDONNANS
2021-03-07,1,35,2,UDKIG
2021-03-07,1,39,3,BJÆRGEMÆRS
2021-03-07,1,31,4,RORGÆNGER
2021-03-07,1,33,5,UDSÆTNINGSGAST
2021-03-07,1,27,6,HU
2021-03-07,1,22,7,PEJLEGAST_A
2021-03-07,1,25,8,PEJLEGAST_B
2021-03-07,1,28,9,DÆKSELEV_I_KABYS
2021-03-07,2,49,0,VAGTHAVENDE_ELEV
2021-03-07,2,43,1,ORDONNANS
2021-03-07,2,59,2,UDKIG
2021-03-07,2,51,3,BJÆRGEMÆRS
2021-03-07,2,52,4,RORGÆNGER
2021-03-07,2,41,5,UDSÆTNINGSGAST
2021-03-07,2,47,6,HU
2021-03-07,2,48,7,PEJLEGAST_A
2021-03-07,2,50,8,PEJLEGAST_B
2021-03-07,2,46,9,DÆKSELEV_I_KABYS
2021-03-07,3,2,0,VAGTHAVENDE_ELEV
2021-03-07,3,12,1,ORDONNANS
2021-03-07,3,15,2,UDKIG
2021-03-07,3,4,3,BJÆRGEMÆRS
2021-03-07,3,5,4,RORGÆNGER
2021-03-07,3,9,5,UDSÆTNINGSGAST
2021-03-07,3,10,6,HU
2021-03-07,3,6,7,PEJLEGAST_A
2021-03-07,3,11,8,PEJLEGAST_B
2021-03-07,3,1,9,DÆKSELEV_I_KABYS
2021-03-07,3,8,-1,SICK
2021-03-07,4,32,0,VAGTHAVENDE_ELEV
2021-03-07,4,29,1,ORDONNANS
2021-03-07,4,23,2,UDKIG
2021-03-07,4,27,3,BJÆRGEMÆRS
2021-03-07,4,22,4,RORGÆNGER
2021-03-07,4,21,5,UDSÆTNINGSGAST
2021-03-07,4,25,6,HU
2021-03-07,4,36,7,PEJLEGAST_A
2021-03-07,4,35,8,PEJLEGAST_B
2021-03-07,4,26,9,DÆKSELEV_I_KABYS
2021-03-07,5,44,0,VAGTHAVENDE_ELEV
2021-03-07,5,49,1,ORDONNANS
2021-03-07,5,47,2,UDKIG
2021-03-07,5,52,3,BJÆRGEMÆRS
2021-03-07,5,51,4,RORGÆNGER
2021-03-07,5,54,5,UDSÆTNINGSGAST
2021-03-07,5,46,6,HU
2021-03-07,5,40,7,PEJLEGAST_A
2021-03-07,5,57,8,PEJLEGAST_B
2021-03-07,5,48,9,DÆKSELEV_I_KABYS
2021-03-07,5,59,-1,SICK
2021-03-08,0,12,0,VAGTHAVENDE_ELEV
2021-03-08,0,15,1,ORDONNANS
2021-03-08,0,13,2,UDKIG
2021-03-08,0,6,3,BJÆRGEMÆRS
2021-03-08,0,2,4,RORGÆNGER
2021-03-08,0,17,5,UDSÆTNINGSGAST
2021-03-08,0,8,6,HU
2021-03-08,0,10,7,PEJLEGAST_A
2021-03-08,0,14,8,PEJLEGAST_B
2021-03-08,0,5,9,DÆKSELEV_I_KABYS
2021-03-08,1,32,0,VAGTHAVENDE_ELEV
2021-03-08,1,26,1,ORDONNANS
2021-03-08,1,33,2,UDKIG
2021-03-08,1,20,3,BJÆRGEMÆRS
2021-03-08,1,25,4,RORGÆNGER
2021-03-08,1,29,5,UDSÆTNINGSGAST
2021-03-08,1,31,6,HU
2021-03-08,1,24,7,PEJLEGAST_A
2021-03-08,1,21,8,PEJLEGAST_B
2021-03-08,1,38,9,DÆKSELEV_I_KABYS
2021-03-08,2,53,0,VAGTHAVENDE_ELEV
2021-03-08,2,44,1,ORDONNANS
2021-03-08,2,48,2,UDKIG
2021-03-08,2,57,3,BJÆRGEMÆRS
2021-03-08,2,43,4,RORGÆNGER
2021-03-08,2,59,5,UDSÆTNINGSGAST
2021-03-08,2,55,6,HU
2021-03-08,2,47,7,PEJLEGAST_A
2021-03-08,2,51,8,PEJLEGAST_B
2021-03-08,2,56,9,DÆKSELEV_I_KABYS
2021-03-08,2,41,-1,SICK
2021-03-08,3,10,0,VAGTHAVENDE_ELEV
2021-03-08,3,19,1,ORDONNANS
2021-03-08,3,11,2,UDKIG
2021-03-08,3,14,3,BJÆRGEMÆRS
2021-03-08,3,17,4,RORGÆNGER
2021-03-08,3,15,5,UDSÆTNINGSGAST
2021-03-08,3,8,6,HU
2021-03-08,3,4,7,PEJLEGAST_A
2021-03-08,3,1,8,PEJLEGAST_B
2021-03-08,3,13,9,DÆKSELEV_I_KABYS
2021-03-08,3,35,-1,SICK
2021-03-08,4,27,0,VAGTHAVENDE_ELEV
2021-03-08,4,35,1,ORDONNANS
2021-03-08,4,20,2,UDKIG
2021-03-08,4,36,3,BJÆRGEMÆRS
2021-03-08,4,38,4,RORGÆNGER
2021-03-08,4,23,5,UDSÆTNINGSGAST
2021-03-08,4,24,6,HU
2021-03-08,4,26,7,PEJLEGAST_A
2021-03-08,4,28,8,PEJLEGAST_B
2021-03-08,4,37,9,DÆKSELEV_I_KABYS
2021-03-08,5,55,0,VAGTHAVENDE_ELEV
2021-03-08,5,44,1,ORDONNANS
2021-03-08,5,47,2,UDKIG
2021-03-08,5,53,3,BJÆRGEMÆRS
2021-03-08,5,54,4,RORGÆNGER
2021-03-08,5,50,5,UDSÆTNINGSGAST
2021-03-08,5,40,6,HU
2021-03-08,5,46,7,PEJLEGAST_A
2021-03-08,5,59,8,PEJLEGAST_B
2021-03-08,5,45,9,DÆKSELEV_I_KABYS
2021-03-09,0,14,0,VAGTHAVENDE_ELEV
2021-03-09,0,11,1,ORDONNANS
2021-03-09,0,15,2,UDKIG
2021-03-09,0,19,3,BJÆRGEMÆRS
2021-03-09,0,2,4,RORGÆNGER
2021-03-09,0,9,5,UDSÆTNINGSGAST
2021-03-09,0,3,6,HU
2021-03-09,0,7,7,PEJLEGAST_A
2021-03-09,0,6,8,PEJLEGAST_B
2021-03-09,0,10,9,DÆKSELEV_I_KABYS
2021-03-09,0,51,-1,SICK
2021-03-09,1,36,0,VAGTHAVENDE_ELEV
2021-03-09,1,29,1,ORDONNANS
2021-03-09,1,26,2,UDKIG
2021-03-09,1,32,3,BJÆRGEMÆRS
2021-03-09,1,38,4,RORGÆNGER
2021-03-09,1,34,5,UDSÆTNINGSGAST
2021-03-09,1,20,6,HU
2021-03-09,1,39,7,PEJLEGAST_A
2021-03-09,1,33,8,PEJLEGAST_B
2021-03-09,1,31,9,DÆKSELEV_I_KABYS
2021-03-09,2,55,0,VAGTHAVENDE_ELEV
2021-03-09,2,59,1,ORDONNANS
2021-03-09,2,57,2,UDKIG
2021-03-09,2,41,3,BJÆRGEMÆRS
2021-03-09,2,46,4,RORGÆNGER
2021-03-09,2,58,5,UDSÆTNINGSGAST
2021-03-09,2,48,6,HU
2021-03-09,2,53,7,PEJLEGAST_A
2021-03-09,2,40,8,PEJLEGAST_B
2021-03-09,2,56,9,DÆKSELEV_I_KABYS
2021-03-09,3,14,0,VAGTHAVENDE_ELEV
2021-03-09,3,15,1,ORDONNANS
2021-03-09,3,13,2,UDKIG
2021-03-09,3,8,3,BJÆRGEMÆRS
2021-03-09,3,16,4,RORGÆNGER
2021-03-09,3,11,5,UDSÆTNINGSGAST
2021-03-09,3,18,6,HU
2021-03-09,3,17,7,PEJLEGAST_A
2021-03-09,3,6,8,PEJLEGAST_B
2021-03-09,3,4,9,DÆKSELEV_I_KABYS
2021-03-09,3,36,-1,SICK
2021-03-09,4,35,0,VAGTHAVENDE_ELEV
2021-03-09,4,33,1,ORDONNANS
2021-03-09,4,29,2,UDKIG
2021-03-09,4,37,3,BJÆRGEMÆRS
2021-03-09,4,21,4,RORGÆNGER
2021-03-09,4,31,5,UDSÆTNINGSGAST
2021-03-09,4,23,6,HU
2021-03-09,4,32,7,PEJLEGAST_A
2021-03-09,4,39,8,PEJLEGAST_B
2021-03-09,4,20,9,DÆKSELEV_I_KABYS
2021-03-09,5,58,0,VAGTHAVENDE_ELEV
2021-03-09,5,49,1,ORDONNANS
2021-03-09,5,46,2,UDKIG
2021-03-09,5,54,3,BJÆRGEMÆRS
2021-03-09,5,55,4,RORGÆNGER
2021-03-09,5,50,5,UDSÆTNINGSGAST
2021-03-09,5,43,6,HU
2021-03-09,5,52,7,PEJLEGAST_A
2021-03-09,5,44,8,PEJLEGAST_B
2021-03-09,5,59,9,DÆKSELEV_I_KABYS
2021-03-10,0,14,0,VAGTHAVENDE_ELEV
2021-03-10,0,16,1,ORDONNANS
2021-03-10,0,18,2,UDKIG
2021-03-10,0,4,3,BJÆRGEMÆRS
2021-03-10,0,15,4,RORGÆNGER
2021-03-10,0,10,5,UDSÆTNINGSGAST
2021-03-10,0,11,6,HU
2021-03-10,0,0,7,PEJLEGAST_A
2021-03-10,0,5,8,PEJLEGAST_B
2021-03-10,0,2,9,DÆKSELEV_I_KABYS
2021-03-10,1,28,0,VAGTHAVENDE_ELEV
2021-03-10,1,31,1,ORDONNANS
2021-03-10,1,29,2,UDKIG
2021-03-10,1,20,3,BJÆRGEMÆRS
2021-03-10,1,24,4,RORGÆNGER
2021-03-10,1,23,5,UDSÆTNINGSGAST
2021-03-10,1,39,6,HU
2021-03-10,1,36,7,PEJLEGAST_A
2021-03-10,1,30,8,PEJLEGAST_B
2021-03-10,1,34,9,DÆKSELEV_I_KABYS
2021-03-10,2,51,0,VAGTHAVENDE_ELEV
2021-03-10,2,54,1,ORDONNANS
2021-03-10,2,52,2,UDKIG
2021-03-10,2,47,3,BJÆRGEMÆRS
2021-03-10,2,48,4,RORGÆNGER
2021-03-10,2,53,5,UDSÆTNINGSGAST
2021-03-10,2,55,6,HU
2021-03-10,2,42,7,PEJLEGAST_A
2021-03-10,2,56,8,PEJLEGAST_B
2021-03-10,2,49,9,DÆKSELEV_I_KABYS
2021-03-10,3,6,0,VAGTHAVENDE_ELEV
2021-03-10,3,5,1,ORDONNANS
2021-03-10,3,0,2,UDKIG
2021-03-10,3,16,3,BJÆRGEMÆRS
2021-03-10,3,8,4,RORGÆNGER
2021-03-10,3,15,5,UDSÆTNINGSGAST
2021-03-10,3,17,6,HU
2021-03-10,3,13,7,PEJLEGAST_A
2021-03-10,3,9,8,PEJLEGAST_B
2021-03-10,3,2,9,DÆKSELEV_I_KABYS
2021-03-10,4,24,0,VAGTHAVENDE_ELEV
2021-03-10,4,28,1,ORDONNANS
2021-03-10,4,34,2,UDKIG
2021-03-10,4,36,3,BJÆRGEMÆRS
2021-03-10,4,22,4,RORGÆNGER
2021-03-10,4,23,5,UDSÆTNINGSGAST
2021-03-10,4,32,6,HU
2021-03-10,4,20,7,PEJLEGAST_A
2021-03-10,4,21,8,PEJLEGAST_B
2021-03-10,4,35,9,DÆKSELEV_I_KABYS
2021-03-10,5,54,0,VAGTHAVENDE_ELEV
2021-03-10,5,51,1,ORDONNANS
2021-03-10,5,43,2,UDKIG
2021-03-10,5,53,3,BJÆRGEMÆRS
2021-03-10,5,41,4,RORGÆNGER
2021-03-10,5,58,5,UDSÆTNINGSGAST
2021-03-10,5,44,6,HU
2021-03-10,5,50,7,PEJLEGAST_A
2021-03-10,5,40,8,PEJLEGAST_B
2021-03-10,5,46,9,DÆKSELEV_I_KABYS
2021-03-11,0,10,0,VAGTHAVENDE_ELEV
2021-03-11,0,6,1,ORDONNANS
2021-03-11,0,5,2,UDKIG
2021-03-11,0,17,3,BJÆRGEMÆRS
2021-03-11,0,2,4,RORGÆNGER
2021-03-11,0,19,5,UDSÆTNINGSGAST
2021-03-11,0,1,6,HU
2021-03-11,0,12,7,PEJLEGAST_A
2021-03-11,0,11,8,PEJLEGAST_B
2021-03-11,0,3,9,DÆKSELEV_I_KABYS
2021-03-11,1,36,0,VAGTHAVENDE_ELEV
2021-03-11,1,29,1,ORDONNANS
2021-03-11,1,37,2,UDKIG
2021-03-11,1,28,3,BJÆRGEMÆRS
2021-03-11,1,24,4,RORGÆNGER
2021-03-11,1,23,5,UDSÆTNINGSGAST
2021-03-11,1,34,6,HU
2021-03-11,1,27,7,PEJLEGAST_A
2021-03-11,1,39,8,PEJLEGAST_B
2021-03-11,1,22,9,DÆKSELEV_I_KABYS
2021-03-11,2,51,0,VAGTHAVENDE_ELEV
2021-03-11,2,49,1,ORDONNANS
2021-03-11,2,42,2,UDKIG
2021-03-11,2,41,3,BJÆRGEMÆRS
2021-03-11,2,44,4,RORGÆNGER
2021-03-11,2,53,5,UDSÆTNINGSGAST
2021-03-11,2,58,6,HU
2021-03-11,2,52,7,PEJLEGAST_A
2021-03-11,2,47,8,PEJLEGAST_B
2021-03-11,2,59,9,DÆKSELEV_I_KABYS
2021-03-11,3,19,0,VAGTHAVENDE_ELEV
2021-03-11,3,8,1,ORDONNANS
2021-03-11,3,6,2,UDKIG
2021-03-11,3,4,3,BJÆRGEMÆRS
2021-03-11,3,11,4,RORGÆNGER
2021-03-11,3,9,5,UDSÆTNINGSGAST
2021-03-11,3,17,6,HU
2021-03-11,3,3,7,PEJLEGAST_A
2021-03-11,3,5,8,PEJLEGAST_B
2021-03-11,3,10,9,DÆKSELEV_I_KABYS
2021-03-11,4,27,0,VAGTHAVENDE_ELEV
2021-03-11,4,28,1,ORDONNANS
2021-03-11,4,23,2,UDKIG
2021-03-11,4,35,3,BJÆRGEMÆRS
2021-03-11,4,25,4,RORGÆNGER
2021-03-11,4,32,5,UDSÆTNINGSGAST
2021-03-11,4,24,6,HU
2021-03-11,4,36,7,PEJLEGAST_A
2021-03-11,4,34,8,PEJLEGAST_B
2021-03-11,4,30,9,DÆKSELEV_I_KABYS
2021-03-11,5,46,0,VAGTHAVENDE_ELEV
2021-03-11,5,57,1,ORDONNANS
2021-03-11,5,53,2,UDKIG
2021-03-11,5,58,3,BJÆRGEMÆRS
2021-03-11,5,48,4,RORGÆNGER
2021-03-11,5,43,5,UDSÆTNINGSGAST
2021-03-11,5,50,6,HU
2021-03-11,5,45,7,PEJLEGAST_A
2021-03-11,5,49,8,PEJLEGAST_B
2021-03-11,5,52,9,DÆKSELEV_I_KABYS
2021-03-12,0,5,0,VAGTHAVENDE_ELEV
2021-03-12,0,13,1,ORDONNANS
2021-03-12,0,7,2,UDKIG
2021-03-12,0,10,3,BJÆRGEMÆRS
2021-03-12,0,16,4,RORGÆNGER
2021-03-12,0,12,5,UDSÆTNINGSGAST
2021-03-12,0,14,6,HU
2021-03-12,0,8,7,PEJLEGAST_A
2021-03-12,0,1,8,PEJLEGAST_B
2021-03-12,0,3,9,DÆKSELEV_I_KABYS
2021-03-12,0,30,-1,SICK
2021-03-12,1,26,0,VAGTHAVENDE_ELEV
2021-03-12,1,27,1,ORDONNANS
2021-03-12,1,39,2,UDKIG
2021-03-12,1,34,3,BJÆRGEMÆRS
2021-03-12,1,30,4,RORGÆNGER
2021-03-12,1,32,5,UDSÆTNINGSGAST
2021-03-12,1,20,6,HU
2021-03-12,1,29,7,PEJLEGAST_A
2021-03-12,1,36,8,PEJLEGAST_B
2021-03-12,1,23,9,DÆKSELEV_I_KABYS
2021-03-12,1,2,-1,SICK
2021-03-12,2,50,0,VAGTHAVENDE_ELEV
2021-03-12,2,40,1,ORDONNANS
2021-03-12,2,44,2,UDKIG
2021-03-12,2,59,3,BJÆRGEMÆRS
2021-03-12,2,43,4,RORGÆNGER
2021-03-12,2,54,5,UDSÆTNINGSGAST
2021-03-12,2,42,6,HU
2021-03-12,2,49,7,PEJLEGAST_A
2021-03-12,2,45,8,PEJLEGAST_B
2021-03-12,2,51,9,DÆKSELEV_I_KABYS
2021-03-12,2,16,-1,SICK
2021-03-12,3,7,0,VAGTHAVENDE_ELEV
2021-03-12,3,6,1,ORDONNANS
2021-03-12,3,2,2,UDKIG
2021-03-12,3,12,3,BJÆRGEMÆRS
2021-03-12,3,13,4,RORGÆNGER
2021-03-12,3,17,5,UDSÆTNINGSGAST
2021-03-12,3,11,6,HU
2021-03-12,3,14,7,PEJLEGAST_A
2021-03-12,3,0,8,PEJLEGAST_B
2021-03-12,3,15,9,DÆKSELEV_I_KABYS
2021-03-12,4,23,0,VAGTHAVENDE_ELEV
2021-03-12,4,31,1,ORDONNANS
2021-03-12,4,34,2,UDKIG
2021-03-12,4,38,3,BJÆRGEMÆRS
2021-03-12,4,36,4,RORGÆNGER
2021-03-12,4,37,5,UDSÆTNINGSGAST
2021-03-12,4,39,6,HU
2021-03-12,4,24,7,PEJLEGAST_A
2021-03-12,4,35,8,PEJLEGAST_B
2021-03-12,4,20,9,DÆKSELEV_I_KABYS
2021-03-12,4,21,-1,SICK
2021-03-12,5,49,0,VAGTHAVENDE_ELEV
2021-03-12,5,52,1,ORDONNANS
2021-03-12,5,53,2,UDKIG
2021-03-12,5,54,3,BJÆRGEMÆRS
2021-03-12,5,44,4,RORGÆNGER
2021-03-12,5,48,5,UDSÆTNINGSGAST
2021-03-12,5,51,6,HU
2021-03-12,5,41,7,PEJLEGAST_A
2021-03-12,5,45,8,PEJLEGAST_B
2021-03-12,5,42,9,DÆKSELEV_I_KABYS
2021-03-13,0,9,0,VAGTHAVENDE_ELEV
2021-03-13,0,17,1,ORDONNANS
2021-03-13,0,3,2,UDKIG
2021-03-13,0,7,3,BJÆRGEMÆRS
2021-03-13,0,5,4,RORGÆNGER
2021-03-13,0,6,5,UDSÆTNINGSGAST
2021-03-13,0,15,6,HU
2021-03-13,0,4,7,PEJLEGAST_A
2021-03-13,0,11,8,PEJLEGAST_B
2021-03-13,0,8,9,DÆKSELEV_I_KABYS
2021-03-13,0,46,-1,SICK
2021-03-13,1,28,0,VAGTHAVENDE_ELEV
2021-03-13,1,20,1,ORDONNANS
2021-03-13,1,38,2,UDKIG
2021-03-13,1,37,3,BJÆRGEMÆRS
2021-03-13,1,39,4,RORGÆNGER
2021-03-13,1,33,5,UDSÆTNINGSGAST
2021-03-13,1,30,6,HU
2021-03-13,1,23,7,PEJLEGAST_A
2021-03-13,1,34,8,PEJLEGAST_B
2021-03-13,1,25,9,DÆKSELEV_I_KABYS
2021-03-13,2,52,0,VAGTHAVENDE_ELEV
2021-03-13,2,43,1,ORDONNANS
2021-03-13,2,55,2,UDKIG
2021-03-13,2,41,3,BJÆRGEMÆRS
2021-03-13,2,58,4,RORGÆNGER
2021-03-13,2,48,5,UDSÆTNINGSGAST
2021-03-13,2,45,6,HU
2021-03-13,2,50,7,PEJLEGAST_A
2021-03-13,2,46,8,PEJLEGAST_B
2021-03-13,2,40,9,DÆKSELEV_I_KABYS
2021-03-13,3,3,0,VAGTHAVENDE_ELEV
2021-03-13,3,7,1,ORDONNANS
2021-03-13,3,1,2,UDKIG
2021-03-13,3,2,3,BJÆRGEMÆRS
2021-03-13,3,13,4,RORGÆNGER
2021-03-13,3,10,5,UDSÆTNINGSGAST
2021-03-13,3,19,6,HU
2021-03-13,3,11,7,PEJLEGAST_A
2021-03-13,3,18,8,PEJLEGAST_B
2021-03-13,3,5,9,DÆKSELEV_I_KABYS
2021-03-13,4,32,0,VAGTHAVENDE_ELEV
2021-03-13,4,35,1,ORDONNANS
2021-03-13,4,28,2,UDKIG
2021-03-13,4,25,3,BJÆRGEMÆRS
2021-03-13,4,34,4,RORGÆNGER
2021-03-13,4,23,5,UDSÆTNINGSGAST
2021-03-13,4,30,6,HU
2021-03-13,4,36,7,PEJLEGAST_A
2021-03-13,4,24,8,PEJLEGAST_B
2021-03-13,4,31,9,DÆKSELEV_I_KABYS
2021-03-13,5,43,0,VAGTHAVENDE_ELEV
2021-03-13,5,58,1,ORDONNANS
2021-03-13,5,53,2,UDKIG
2021-03-13,5,48,3,BJÆRGEMÆRS
2021-03-13,5,47,4,RORGÆNGER
2021-03-13,5,44,5,UDSÆTNINGSGAST
2021-03-13,5,50,6,HU
2021-03-13,5,45,7,PEJLEGAST_A
2021-03-13,5,56,8,PEJLEGAST_B
2021-03-13,5,54,9,DÆKSELEV_I_KABYS
2021-03-14,0,12,0,VAGTHAVENDE_ELEV
2021-03-14,0,14,1,ORDONNANS
2021-03-14,0,1,2,UDKIG
2021-03-14,0,10,3,BJÆRGEMÆRS
2021-03-14,0,2,4,RORGÆNGER
2021-03-14,0,18,5,UDSÆTNINGSGAST
2021-03-14,0,5,6,HU
2021-03-14,0,0,7,PEJLEGAST_A
2021-03-14,0,4,8,PEJLEGAST_B
2021-03-14,0,3,9,DÆKSELEV_I_KABYS
2021-03-14,1,25,0,VAGTHAVENDE_ELEV
2021-03-14,1,26,1,ORDONNANS
2021-03-14,1,29,2,UDKIG
2021-03-14,1,31,3,BJÆRGEMÆRS
2021-03-14,1,34,4,RORGÆNGER
2021-03-14,1,21,5,UDSÆTNINGSGAST
2021-03-14,1,22,6,HU
2021-03-14,1,30,7,PEJLEGAST_A
2021-03-14,1,39,8,PEJLEGAST_B
2021-03-14,1,27,9,DÆKSELEV_I_KABYS
2021-03-14,1,49,-1,SICK
2021-03-14,2,54,0,VAGTHAVENDE_ELEV
2021-03-14,2,55,1,ORDONNANS
2021-03-14,2,40,2,UDKIG
2021-03-14,2,42,3,BJÆRGEMÆRS
2021-03-14,2,49,4,RORGÆNGER
2021-03-14,2,45,5,UDSÆTNINGSGAST
2021-03-14,2,58,6,HU
2021-03-14,2,44,7,PEJLEGAST_A
2021-03-14,2,51,8,PEJLEGAST_B
2021-03-14,2,47,9,DÆKSELEV_I_KABYS
2021-03-14,2,5,-1,SICK
2021-03-14,3,10,0,VAGTHAVENDE_ELEV
2021-03-14,3,11,1,ORDONNANS
2021-03-14,3,15,2,UDKIG
2021-03-14,3,12,3,BJÆRGEMÆRS
2021-03-14,3,9,4,RORGÆNGER
2021-03-14,3,19,5,UDSÆTNINGSGAST
2021-03-14,3,3,6,HU
2021-03-14,3,17,7,PEJLEGAST_A
2021-03-14,3,18,8,PEJLEGAST_B
2021-03-14,3,0,9,DÆKSELEV_I_KABYS
2021-03-14,3,42,-1,SICK
2021-03-14,4,31,0,VAGTHAVENDE_ELEV
2021-03-14,4,29,1,ORDONNANS
2021-03-14,4,26,2,UDKIG
2021-03-14,4,20,3,BJÆRGEMÆRS
2021-03-14,4,34,4,RORGÆNGER
2021-03-14,4,21,5,UDSÆTNINGSGAST
2021-03-14,4,24,6,HU
2021-03-14,4,33,7,PEJLEGAST_A
2021-03-14,4,23,8,PEJLEGAST_B
2021-03-14,4,30,9,DÆKSELEV_I_KABYS
2021-03-14,5,52,0,VAGTHAVENDE_ELEV
2021-03-14,5,56,1,ORDONNANS
2021-03-14,5,55,2,UDKIG
2021-03-14,5,40,3,BJÆRGEMÆRS
2021-03-14,5,58,4,RORGÆNGER
2021-03-14,5,45,5,UDSÆTNINGSGAST
2021-03-14,5,46,6,HU
2021-03-14,5,43,7,PEJLEGAST_A
2021-03-14,5,53,8,PEJLEGAST_B
2021-03-14,5,57,9,DÆKSELEV_I_KABYS
2021-03-14,5,28,-1,SICK
